model_key,model,frame,end_to_end_ms,adapter_ms,objects
yolo26m,YOLO26m,1,67.48,67.37,0
yolo26m,YOLO26m,2,66.584,66.471,0
yolo26m,YOLO26m,3,69.103,68.993,0
yolo26m,YOLO26m,4,71.994,71.762,0
yolo26m,YOLO26m,5,69.833,69.762,0
yolo26m,YOLO26m,6,62.087,61.984,0
yolo26m,YOLO26m,7,63.022,62.918,0
yolo26m,YOLO26m,8,74.273,74.162,0
yolo26m,YOLO26m,9,69.346,69.236,0
yolo26m,YOLO26m,10,71.235,71.11,0
yolo26m,YOLO26m,11,84.574,84.414,0
yolo26m,YOLO26m,12,73.263,73.156,0
yolo26m,YOLO26m,13,65.596,65.487,0
yolo26m,YOLO26m,14,60.518,60.411,0
yolo26m,YOLO26m,15,37.542,37.438,0
yolo26m,YOLO26m,16,76.071,75.909,0
yolo26m,YOLO26m,17,43.251,43.186,0
yolo26m,YOLO26m,18,61.123,61.056,0
yolo26m,YOLO26m,19,48.606,48.499,0
yolo26m,YOLO26m,20,42.653,42.563,0
yolo26m,YOLO26m,21,39.45,39.388,0
yolo26m,YOLO26m,22,44.705,44.498,0
yolo26m,YOLO26m,23,56.812,56.755,0
yolo26m,YOLO26m,24,34.752,34.699,0
yolo26m,YOLO26m,25,50.147,50.042,0
yolo26m,YOLO26m,26,38.967,38.92,0
yolo26m,YOLO26m,27,48.701,48.64,0
yolo26m,YOLO26m,28,48.632,48.587,0
yolo26m,YOLO26m,29,42.821,42.769,0
yolo26m,YOLO26m,30,58.786,58.734,0
yolo26m,YOLO26m,31,51.029,50.975,0
yolo26m,YOLO26m,32,39.121,39.06,0
yolo26m,YOLO26m,33,54.119,54.061,0
yolo26m,YOLO26m,34,39.016,38.968,0
yolo26m,YOLO26m,35,37.914,37.846,0
yolo26m,YOLO26m,36,32.959,32.912,0
yolo26m,YOLO26m,37,97.614,97.56,0
yolo26m,YOLO26m,38,58.481,58.362,0
yolo26m,YOLO26m,39,31.749,31.704,0
yolo26m,YOLO26m,40,41.69,41.628,0
yolo26m,YOLO26m,41,41.105,41.053,0
yolo26m,YOLO26m,42,70.518,70.375,0
yolo26m,YOLO26m,43,44.593,44.509,0
yolo26m,YOLO26m,44,44.481,44.419,0
yolo26m,YOLO26m,45,39.434,39.375,0
yolo26m,YOLO26m,46,46.637,46.583,0
yolo26m,YOLO26m,47,35.506,35.443,0
yolo26m,YOLO26m,48,40.246,40.181,0
yolo26m,YOLO26m,49,79.147,79.041,0
yolo26m,YOLO26m,50,64.467,64.391,0
yolo26m,YOLO26m,51,146.841,146.739,0
yolo26m,YOLO26m,52,64.464,64.388,0
yolo26m,YOLO26m,53,109.43,109.342,0
yolo26m,YOLO26m,54,69.54,69.443,0
yolo26m,YOLO26m,55,84.646,84.574,0
yolo26m,YOLO26m,56,68.499,68.411,0
yolo26m,YOLO26m,57,51.572,51.426,0
yolo26m,YOLO26m,58,45.596,45.536,0
yolo26m,YOLO26m,59,52.013,51.945,0
yolo26m,YOLO26m,60,42.854,42.723,0
yolo26m,YOLO26m,61,54.195,54.131,0
yolo26m,YOLO26m,62,42.86,42.597,0
yolo26m,YOLO26m,63,45.334,45.264,0
yolo26m,YOLO26m,64,55.5,55.447,0
yolo26m,YOLO26m,65,79.452,79.357,0
yolo26m,YOLO26m,66,57.977,57.788,0
yolo26m,YOLO26m,67,63.841,63.775,0
yolo26m,YOLO26m,68,46.2,46.123,0
yolo26m,YOLO26m,69,70.82,70.734,0
yolo26m,YOLO26m,70,52.988,52.916,0
yolo26m,YOLO26m,71,46.341,46.277,0
yolo26m,YOLO26m,72,74.042,73.938,0
yolo26m,YOLO26m,73,71.219,71.095,0
yolo26m,YOLO26m,74,83.48,83.395,0
yolo26m,YOLO26m,75,69.307,69.199,0
yolo26m,YOLO26m,76,76.1,75.989,0
yolo26m,YOLO26m,77,73.198,73.092,0
yolo26m,YOLO26m,78,77.46,77.351,0
yolo26m,YOLO26m,79,116.961,116.865,0
yolo26m,YOLO26m,80,66.499,66.41,0
yolo26m,YOLO26m,81,52.944,52.88,0
yolo26m,YOLO26m,82,60.046,59.973,0
yolo26m,YOLO26m,83,66.949,66.419,0
yolo26m,YOLO26m,84,55.072,55.005,0
yolo26m,YOLO26m,85,53.399,53.322,0
yolo26m,YOLO26m,86,64.234,64.16,0
yolo26m,YOLO26m,87,56.097,55.879,0
yolo26m,YOLO26m,88,48.153,48.092,0
yolo26m,YOLO26m,89,56.389,56.303,0
yolo26m,YOLO26m,90,44.674,44.567,0
yolo26m,YOLO26m,91,47.71,47.65,0
yolo26m,YOLO26m,92,50.949,50.842,0
yolo26m,YOLO26m,93,43.941,43.876,0
yolo26m,YOLO26m,94,36.77,36.673,0
yolo26m,YOLO26m,95,54.299,54.231,0
yolo26m,YOLO26m,96,46.977,46.739,0
yolo26m,YOLO26m,97,44.545,44.429,0
yolo26m,YOLO26m,98,40.77,40.722,0
yolo26m,YOLO26m,99,38.898,38.831,0
yolo26m,YOLO26m,100,40.666,40.613,0
rfdetr_m,RF-DETR-M,1,111.824,109.28,0
rfdetr_m,RF-DETR-M,2,97.898,96.288,0
rfdetr_m,RF-DETR-M,3,111.994,109.91,0
rfdetr_m,RF-DETR-M,4,108.788,106.481,0
rfdetr_m,RF-DETR-M,5,124.165,122.333,0
rfdetr_m,RF-DETR-M,6,163.902,161.346,0
rfdetr_m,RF-DETR-M,7,161.449,158.445,0
rfdetr_m,RF-DETR-M,8,167.288,164.819,0
rfdetr_m,RF-DETR-M,9,163.455,160.531,0
rfdetr_m,RF-DETR-M,10,176.184,173.268,0
rfdetr_m,RF-DETR-M,11,164.952,161.796,0
rfdetr_m,RF-DETR-M,12,182.914,179.413,0
rfdetr_m,RF-DETR-M,13,147.541,145.323,0
rfdetr_m,RF-DETR-M,14,132.526,129.978,0
rfdetr_m,RF-DETR-M,15,168.167,165.083,0
rfdetr_m,RF-DETR-M,16,164.82,161.489,0
rfdetr_m,RF-DETR-M,17,155.987,153.958,0
rfdetr_m,RF-DETR-M,18,171.082,166.645,0
rfdetr_m,RF-DETR-M,19,158.861,155.306,0
rfdetr_m,RF-DETR-M,20,163.48,160.212,0
rfdetr_m,RF-DETR-M,21,152.942,150.187,0
rfdetr_m,RF-DETR-M,22,108.848,106.828,0
rfdetr_m,RF-DETR-M,23,119.889,117.66,0
rfdetr_m,RF-DETR-M,24,106.625,104.444,0
rfdetr_m,RF-DETR-M,25,130.415,128.429,0
rfdetr_m,RF-DETR-M,26,105.157,103.165,0
rfdetr_m,RF-DETR-M,27,166.55,162.904,0
rfdetr_m,RF-DETR-M,28,106.21,104.022,0
rfdetr_m,RF-DETR-M,29,99.62,97.412,0
rfdetr_m,RF-DETR-M,30,84.759,82.774,0
rfdetr_m,RF-DETR-M,31,153.11,149.514,0
rfdetr_m,RF-DETR-M,32,154.894,152.182,0
rfdetr_m,RF-DETR-M,33,164.897,161.21,0
rfdetr_m,RF-DETR-M,34,179.172,175.634,0
rfdetr_m,RF-DETR-M,35,167.41,163.586,0
rfdetr_m,RF-DETR-M,36,160.036,156.467,0
rfdetr_m,RF-DETR-M,37,162.498,159.54,0
rfdetr_m,RF-DETR-M,38,162.941,159.686,0
rfdetr_m,RF-DETR-M,39,166.46,162.397,0
rfdetr_m,RF-DETR-M,40,175.546,172.655,0
rfdetr_m,RF-DETR-M,41,160.95,157.104,0
rfdetr_m,RF-DETR-M,42,175.139,171.529,0
rfdetr_m,RF-DETR-M,43,332.902,332.505,0
rfdetr_m,RF-DETR-M,44,162.842,159.583,0
rfdetr_m,RF-DETR-M,45,163.479,159.811,0
rfdetr_m,RF-DETR-M,46,168.269,164.752,0
rfdetr_m,RF-DETR-M,47,166.041,162.587,0
rfdetr_m,RF-DETR-M,48,169.566,166.109,0
rfdetr_m,RF-DETR-M,49,171.629,167.996,0
rfdetr_m,RF-DETR-M,50,156.877,153.3,0
rfdetr_m,RF-DETR-M,51,137.612,134.55,0
rfdetr_m,RF-DETR-M,52,178.152,174.049,0
rfdetr_m,RF-DETR-M,53,172.138,168.11,0
rfdetr_m,RF-DETR-M,54,187.365,183.359,0
rfdetr_m,RF-DETR-M,55,177.74,173.997,0
rfdetr_m,RF-DETR-M,56,170.813,167.193,0
rfdetr_m,RF-DETR-M,57,174.953,170.96,0
rfdetr_m,RF-DETR-M,58,187.232,184.361,0
rfdetr_m,RF-DETR-M,59,175.502,171.501,0
rfdetr_m,RF-DETR-M,60,165.497,161.721,0
rfdetr_m,RF-DETR-M,61,164.077,159.811,0
rfdetr_m,RF-DETR-M,62,296.209,291.844,0
rfdetr_m,RF-DETR-M,63,61.666,60.218,0
rfdetr_m,RF-DETR-M,64,59.474,57.984,0
rfdetr_m,RF-DETR-M,65,59.109,57.57,0
rfdetr_m,RF-DETR-M,66,126.214,122.425,0
rfdetr_m,RF-DETR-M,67,147.969,144.12,0
rfdetr_m,RF-DETR-M,68,167.279,163.304,0
rfdetr_m,RF-DETR-M,69,166.731,162.808,0
rfdetr_m,RF-DETR-M,70,169.398,165.897,0
rfdetr_m,RF-DETR-M,71,165.606,161.612,0
rfdetr_m,RF-DETR-M,72,166.388,162.507,0
rfdetr_m,RF-DETR-M,73,170.434,166.562,0
rfdetr_m,RF-DETR-M,74,167.096,163.37,0
rfdetr_m,RF-DETR-M,75,159.448,156.869,0
rfdetr_m,RF-DETR-M,76,177.889,174.357,0
rfdetr_m,RF-DETR-M,77,163.354,159.677,0
rfdetr_m,RF-DETR-M,78,173.049,169.195,0
rfdetr_m,RF-DETR-M,79,173.004,168.927,0
rfdetr_m,RF-DETR-M,80,177.535,173.762,0
rfdetr_m,RF-DETR-M,81,188.633,184.593,0
rfdetr_m,RF-DETR-M,82,176.657,172.657,0
rfdetr_m,RF-DETR-M,83,176.86,172.981,0
rfdetr_m,RF-DETR-M,84,136.798,134.014,0
rfdetr_m,RF-DETR-M,85,177.789,173.975,0
rfdetr_m,RF-DETR-M,86,169.798,165.948,0
rfdetr_m,RF-DETR-M,87,165.449,163.036,0
rfdetr_m,RF-DETR-M,88,166.357,162.36,0
rfdetr_m,RF-DETR-M,89,184.353,180.194,0
rfdetr_m,RF-DETR-M,90,173.946,170.521,0
rfdetr_m,RF-DETR-M,91,171.49,167.354,0
rfdetr_m,RF-DETR-M,92,168.089,164.108,0
rfdetr_m,RF-DETR-M,93,178.304,174.887,0
rfdetr_m,RF-DETR-M,94,297.101,294.301,0
rfdetr_m,RF-DETR-M,95,171.57,167.555,0
rfdetr_m,RF-DETR-M,96,278.613,275.497,0
rfdetr_m,RF-DETR-M,97,288.869,285.331,0
rfdetr_m,RF-DETR-M,98,176.502,172.576,0
rfdetr_m,RF-DETR-M,99,174.195,170.526,0
rfdetr_m,RF-DETR-M,100,173.09,169.262,0
dfine_m,D-FINE-M,1,288.088,287.805,0
dfine_m,D-FINE-M,2,285.081,284.849,0
dfine_m,D-FINE-M,3,288.479,288.209,0
dfine_m,D-FINE-M,4,136.618,136.443,0
dfine_m,D-FINE-M,5,118.617,118.404,0
dfine_m,D-FINE-M,6,280.537,280.408,0
dfine_m,D-FINE-M,7,300.7,300.405,0
dfine_m,D-FINE-M,8,292.264,292.004,0
dfine_m,D-FINE-M,9,299.716,299.455,0
dfine_m,D-FINE-M,10,292.153,291.905,0
dfine_m,D-FINE-M,11,475.274,475.027,0
dfine_m,D-FINE-M,12,282.061,281.823,0
dfine_m,D-FINE-M,13,268.911,268.68,0
dfine_m,D-FINE-M,14,260.071,259.932,0
dfine_m,D-FINE-M,15,282.057,281.816,0
dfine_m,D-FINE-M,16,263.678,263.434,0
dfine_m,D-FINE-M,17,298.993,298.757,0
dfine_m,D-FINE-M,18,275.738,275.534,0
dfine_m,D-FINE-M,19,268.247,268.018,0
dfine_m,D-FINE-M,20,268.304,268.043,0
dfine_m,D-FINE-M,21,286.854,286.624,0
dfine_m,D-FINE-M,22,272.08,271.84,0
dfine_m,D-FINE-M,23,281.996,281.882,0
dfine_m,D-FINE-M,24,263.453,263.134,0
dfine_m,D-FINE-M,25,311.56,311.35,0
dfine_m,D-FINE-M,26,292.578,292.362,0
dfine_m,D-FINE-M,27,286.777,286.506,0
dfine_m,D-FINE-M,28,308.662,308.412,0
dfine_m,D-FINE-M,29,268.898,268.641,0
dfine_m,D-FINE-M,30,297.152,296.902,0
dfine_m,D-FINE-M,31,297.878,297.718,0
dfine_m,D-FINE-M,32,299.586,299.357,0
dfine_m,D-FINE-M,33,278.37,278.267,0
dfine_m,D-FINE-M,34,272.582,272.354,0
dfine_m,D-FINE-M,35,278.301,278.052,0
dfine_m,D-FINE-M,36,278.14,277.891,0
dfine_m,D-FINE-M,37,283.285,283.147,0
dfine_m,D-FINE-M,38,264.216,263.957,0
dfine_m,D-FINE-M,39,267.734,267.585,0
dfine_m,D-FINE-M,40,299.112,298.879,0
dfine_m,D-FINE-M,41,292.116,291.884,0
dfine_m,D-FINE-M,42,280.012,279.785,0
dfine_m,D-FINE-M,43,282.445,282.208,0
dfine_m,D-FINE-M,44,279.814,279.645,0
dfine_m,D-FINE-M,45,291.031,290.848,0
dfine_m,D-FINE-M,46,269.228,268.923,0
dfine_m,D-FINE-M,47,269.957,269.803,0
dfine_m,D-FINE-M,48,263.948,263.676,0
dfine_m,D-FINE-M,49,275.253,275.001,0
dfine_m,D-FINE-M,50,258.991,258.722,0
dfine_m,D-FINE-M,51,260.117,259.834,0
dfine_m,D-FINE-M,52,276.595,276.357,0
dfine_m,D-FINE-M,53,257.678,257.447,0
dfine_m,D-FINE-M,54,275.97,275.64,0
dfine_m,D-FINE-M,55,276.697,276.475,0
dfine_m,D-FINE-M,56,279.403,279.145,0
dfine_m,D-FINE-M,57,276.694,276.452,0
dfine_m,D-FINE-M,58,277.59,277.315,0
dfine_m,D-FINE-M,59,275.951,275.685,0
dfine_m,D-FINE-M,60,279.938,279.681,0
dfine_m,D-FINE-M,61,268.981,268.735,0
dfine_m,D-FINE-M,62,271.494,271.244,0
dfine_m,D-FINE-M,63,266.484,266.292,0
dfine_m,D-FINE-M,64,261.525,261.252,0
dfine_m,D-FINE-M,65,282.573,282.302,0
dfine_m,D-FINE-M,66,270.117,269.86,0
dfine_m,D-FINE-M,67,279.893,279.639,0
dfine_m,D-FINE-M,68,287.418,287.179,0
dfine_m,D-FINE-M,69,262.302,262.052,0
dfine_m,D-FINE-M,70,274.95,274.731,0
dfine_m,D-FINE-M,71,265.379,265.245,0
dfine_m,D-FINE-M,72,276.784,276.543,0
dfine_m,D-FINE-M,73,263.719,263.57,0
dfine_m,D-FINE-M,74,262.951,262.517,0
dfine_m,D-FINE-M,75,273.935,273.702,0
dfine_m,D-FINE-M,76,269.649,269.497,0
dfine_m,D-FINE-M,77,266.076,265.804,0
dfine_m,D-FINE-M,78,277.225,276.97,0
dfine_m,D-FINE-M,79,274.822,274.518,0
dfine_m,D-FINE-M,80,277.689,277.385,0
dfine_m,D-FINE-M,81,252.379,252.25,0
dfine_m,D-FINE-M,82,291.825,291.581,0
dfine_m,D-FINE-M,83,278.266,278.042,0
dfine_m,D-FINE-M,84,284.295,284.053,0
dfine_m,D-FINE-M,85,286.261,286.109,0
dfine_m,D-FINE-M,86,287.451,287.208,0
dfine_m,D-FINE-M,87,280.189,279.934,0
dfine_m,D-FINE-M,88,279.434,279.313,0
dfine_m,D-FINE-M,89,274.656,274.427,0
dfine_m,D-FINE-M,90,281.199,281.01,0
dfine_m,D-FINE-M,91,284.385,284.184,0
dfine_m,D-FINE-M,92,290.1,289.594,0
dfine_m,D-FINE-M,93,288.922,288.678,0
dfine_m,D-FINE-M,94,396.98,396.716,0
dfine_m,D-FINE-M,95,291.743,291.462,0
dfine_m,D-FINE-M,96,310.509,310.219,0
dfine_m,D-FINE-M,97,319.594,319.334,0
dfine_m,D-FINE-M,98,314.2,313.927,0
dfine_m,D-FINE-M,99,305.164,304.879,0
dfine_m,D-FINE-M,100,320.819,320.555,0
lwdetr_m,LW-DETR-M,1,198.062,197.815,0
lwdetr_m,LW-DETR-M,2,200.387,200.269,0
lwdetr_m,LW-DETR-M,3,186.792,186.518,0
lwdetr_m,LW-DETR-M,4,199.128,198.83,0
lwdetr_m,LW-DETR-M,5,189.975,189.703,0
lwdetr_m,LW-DETR-M,6,189.124,188.863,0
lwdetr_m,LW-DETR-M,7,181.937,181.645,0
lwdetr_m,LW-DETR-M,8,186.919,186.488,0
lwdetr_m,LW-DETR-M,9,196.042,195.58,0
lwdetr_m,LW-DETR-M,10,187.701,187.439,0
lwdetr_m,LW-DETR-M,11,161.209,160.961,0
lwdetr_m,LW-DETR-M,12,213.874,213.637,0
lwdetr_m,LW-DETR-M,13,190.537,190.281,0
lwdetr_m,LW-DETR-M,14,184.542,184.232,0
lwdetr_m,LW-DETR-M,15,183.448,182.914,0
lwdetr_m,LW-DETR-M,16,190.166,189.939,0
lwdetr_m,LW-DETR-M,17,183.162,182.879,0
lwdetr_m,LW-DETR-M,18,354.857,354.612,0
lwdetr_m,LW-DETR-M,19,175.165,174.901,0
lwdetr_m,LW-DETR-M,20,243.914,243.63,0
lwdetr_m,LW-DETR-M,21,244.526,244.257,0
lwdetr_m,LW-DETR-M,22,199.395,199.115,0
lwdetr_m,LW-DETR-M,23,231.587,231.318,0
lwdetr_m,LW-DETR-M,24,186.948,186.658,0
lwdetr_m,LW-DETR-M,25,301.965,301.727,0
lwdetr_m,LW-DETR-M,26,192.788,192.521,0
lwdetr_m,LW-DETR-M,27,201.249,200.981,0
lwdetr_m,LW-DETR-M,28,195.972,195.694,0
lwdetr_m,LW-DETR-M,29,202.71,202.444,0
lwdetr_m,LW-DETR-M,30,223.902,223.627,0
lwdetr_m,LW-DETR-M,31,200.198,199.964,0
lwdetr_m,LW-DETR-M,32,188.124,187.887,0
lwdetr_m,LW-DETR-M,33,194.481,194.214,0
lwdetr_m,LW-DETR-M,34,191.029,190.755,0
lwdetr_m,LW-DETR-M,35,211.525,211.248,0
lwdetr_m,LW-DETR-M,36,200.716,200.292,0
lwdetr_m,LW-DETR-M,37,226.824,226.469,0
lwdetr_m,LW-DETR-M,38,200.614,200.359,0
lwdetr_m,LW-DETR-M,39,199.243,198.974,0
lwdetr_m,LW-DETR-M,40,188.567,188.447,0
lwdetr_m,LW-DETR-M,41,259.439,259.161,0
lwdetr_m,LW-DETR-M,42,212.16,211.889,0
lwdetr_m,LW-DETR-M,43,202.073,201.717,0
lwdetr_m,LW-DETR-M,44,194.307,194.043,0
lwdetr_m,LW-DETR-M,45,195.005,194.77,0
lwdetr_m,LW-DETR-M,46,251.819,251.542,0
lwdetr_m,LW-DETR-M,47,206.833,206.554,0
lwdetr_m,LW-DETR-M,48,203.777,203.421,0
lwdetr_m,LW-DETR-M,49,193.048,192.722,0
lwdetr_m,LW-DETR-M,50,206.747,206.513,0
lwdetr_m,LW-DETR-M,51,184.159,183.826,0
lwdetr_m,LW-DETR-M,52,188.278,188.021,0
lwdetr_m,LW-DETR-M,53,225.141,224.875,0
lwdetr_m,LW-DETR-M,54,204.241,204.018,0
lwdetr_m,LW-DETR-M,55,200.444,200.185,0
lwdetr_m,LW-DETR-M,56,217.883,217.643,0
lwdetr_m,LW-DETR-M,57,196.443,196.211,0
lwdetr_m,LW-DETR-M,58,206.398,206.13,0
lwdetr_m,LW-DETR-M,59,243.037,242.406,0
lwdetr_m,LW-DETR-M,60,196.954,196.7,0
lwdetr_m,LW-DETR-M,61,263.612,263.299,0
lwdetr_m,LW-DETR-M,62,183.548,183.274,0
lwdetr_m,LW-DETR-M,63,195.071,194.811,0
lwdetr_m,LW-DETR-M,64,196.141,195.875,0
lwdetr_m,LW-DETR-M,65,205.749,205.435,0
lwdetr_m,LW-DETR-M,66,198.017,197.735,0
lwdetr_m,LW-DETR-M,67,186.13,185.911,0
lwdetr_m,LW-DETR-M,68,228.96,228.447,0
lwdetr_m,LW-DETR-M,69,208.727,208.445,0
lwdetr_m,LW-DETR-M,70,196.763,196.502,0
lwdetr_m,LW-DETR-M,71,199.196,198.874,0
lwdetr_m,LW-DETR-M,72,174.794,174.547,0
lwdetr_m,LW-DETR-M,73,197.932,197.693,0
lwdetr_m,LW-DETR-M,74,196.962,196.355,0
lwdetr_m,LW-DETR-M,75,217.314,217.085,0
lwdetr_m,LW-DETR-M,76,180.413,180.065,0
lwdetr_m,LW-DETR-M,77,299.305,299.075,0
lwdetr_m,LW-DETR-M,78,205.299,205.066,0
lwdetr_m,LW-DETR-M,79,226.848,226.624,0
lwdetr_m,LW-DETR-M,80,188.943,188.668,0
lwdetr_m,LW-DETR-M,81,182.54,182.242,0
lwdetr_m,LW-DETR-M,82,214.748,214.484,0
lwdetr_m,LW-DETR-M,83,215.938,215.462,0
lwdetr_m,LW-DETR-M,84,218.126,217.862,0
lwdetr_m,LW-DETR-M,85,185.154,184.897,0
lwdetr_m,LW-DETR-M,86,192.569,192.341,0
lwdetr_m,LW-DETR-M,87,239.904,239.642,0
lwdetr_m,LW-DETR-M,88,203.808,203.549,0
lwdetr_m,LW-DETR-M,89,200.302,200.02,0
lwdetr_m,LW-DETR-M,90,166.371,166.053,0
lwdetr_m,LW-DETR-M,91,197.347,197.126,0
lwdetr_m,LW-DETR-M,92,197.263,197.008,0
lwdetr_m,LW-DETR-M,93,174.276,174.026,0
lwdetr_m,LW-DETR-M,94,174.916,174.681,0
lwdetr_m,LW-DETR-M,95,207.689,207.292,0
lwdetr_m,LW-DETR-M,96,193.128,192.856,0
lwdetr_m,LW-DETR-M,97,226.29,226.047,0
lwdetr_m,LW-DETR-M,98,240.794,240.528,0
lwdetr_m,LW-DETR-M,99,200.063,199.936,0
lwdetr_m,LW-DETR-M,100,234.148,233.888,0
