model_key,model,prompt,frame,cycle_ms,decode_ms,adapter_ms,objects,meets_source_deadline
yolo26l,YOLO26l,,1,18.138,0.665,17.408,6,True
yolo26l,YOLO26l,,2,18.785,0.738,17.97,6,True
yolo26l,YOLO26l,,3,18.378,0.836,17.479,6,True
yolo26l,YOLO26l,,4,18.679,1.182,17.422,6,True
yolo26l,YOLO26l,,5,18.387,0.723,17.599,6,True
yolo26l,YOLO26l,,6,18.429,0.788,17.563,5,True
yolo26l,YOLO26l,,7,18.114,0.735,17.305,6,True
yolo26l,YOLO26l,,8,18.485,0.623,17.733,6,True
yolo26l,YOLO26l,,9,19.813,1.23,18.483,6,True
yolo26l,YOLO26l,,10,18.669,0.852,17.745,6,True
yolo26l,YOLO26l,,11,19.222,0.648,18.508,6,True
yolo26l,YOLO26l,,12,19.397,0.819,18.504,6,True
yolo26l,YOLO26l,,13,18.665,0.651,17.945,6,True
yolo26l,YOLO26l,,14,20.731,0.784,19.868,6,True
yolo26l,YOLO26l,,15,19.87,0.821,18.97,6,True
yolo26l,YOLO26l,,16,18.615,0.765,17.778,6,True
yolo26l,YOLO26l,,17,18.197,0.764,17.358,6,True
yolo26l,YOLO26l,,18,19.008,0.782,18.164,5,True
yolo26l,YOLO26l,,19,21.49,0.706,20.718,6,True
yolo26l,YOLO26l,,20,18.541,0.627,17.842,6,True
yolo26l,YOLO26l,,21,18.036,0.735,17.228,6,True
yolo26l,YOLO26l,,22,17.617,0.817,16.726,6,True
yolo26l,YOLO26l,,23,18.686,0.64,17.986,5,True
yolo26l,YOLO26l,,24,17.503,0.684,16.747,6,True
yolo26l,YOLO26l,,25,17.939,0.595,17.286,5,True
yolo26l,YOLO26l,,26,17.077,0.643,16.36,4,True
yolo26l,YOLO26l,,27,17.106,0.666,16.383,3,True
yolo26l,YOLO26l,,28,18.923,0.686,18.177,3,True
yolo26l,YOLO26l,,29,17.943,0.711,17.164,3,True
yolo26l,YOLO26l,,30,16.415,0.667,15.7,3,True
yolo26l,YOLO26l,,31,16.866,0.818,15.978,3,True
yolo26l,YOLO26l,,32,17.118,0.772,16.295,4,True
yolo26l,YOLO26l,,33,16.493,0.661,15.773,4,True
yolo26l,YOLO26l,,34,18.458,0.969,17.422,3,True
yolo26l,YOLO26l,,35,16.679,0.707,15.918,3,True
yolo26l,YOLO26l,,36,16.588,0.748,15.778,3,True
yolo26l,YOLO26l,,37,16.695,0.675,15.96,3,True
yolo26l,YOLO26l,,38,16.764,0.684,16.016,3,True
yolo26l,YOLO26l,,39,17.852,0.707,17.078,3,True
yolo26l,YOLO26l,,40,19.077,0.64,18.377,3,True
yolo26l,YOLO26l,,41,17.169,0.665,16.454,3,True
yolo26l,YOLO26l,,42,17.231,0.692,16.477,3,True
yolo26l,YOLO26l,,43,17.627,0.657,16.915,4,True
yolo26l,YOLO26l,,44,17.524,0.668,16.802,4,True
yolo26l,YOLO26l,,45,17.187,0.69,16.434,4,True
yolo26l,YOLO26l,,46,17.024,0.694,16.091,3,True
yolo26l,YOLO26l,,47,17.648,0.729,16.859,3,True
yolo26l,YOLO26l,,48,17.044,0.671,16.311,3,True
yolo26l,YOLO26l,,49,17.948,0.741,17.147,4,True
yolo26l,YOLO26l,,50,19.043,0.677,18.306,3,True
yolo26l,YOLO26l,,51,17.331,0.65,16.622,3,True
yolo26l,YOLO26l,,52,17.851,0.739,17.03,3,True
yolo26l,YOLO26l,,53,16.795,0.651,16.087,3,True
yolo26l,YOLO26l,,54,17.378,0.781,16.525,3,True
yolo26l,YOLO26l,,55,16.444,0.687,15.705,3,True
yolo26l,YOLO26l,,56,16.643,0.767,15.811,3,True
yolo26l,YOLO26l,,57,17.102,0.708,16.325,3,True
yolo26l,YOLO26l,,58,17.271,0.678,16.537,3,True
yolo26l,YOLO26l,,59,17.644,0.88,16.701,4,True
yolo26l,YOLO26l,,60,17.406,0.638,16.715,3,True
yolo26x,YOLO26x,,1,28.731,0.691,27.977,5,True
yolo26x,YOLO26x,,2,27.067,0.637,26.369,5,True
yolo26x,YOLO26x,,3,27.831,0.9,26.861,7,True
yolo26x,YOLO26x,,4,29.099,0.662,28.369,7,True
yolo26x,YOLO26x,,5,28.89,0.963,27.85,7,True
yolo26x,YOLO26x,,6,27.359,0.685,26.611,5,True
yolo26x,YOLO26x,,7,27.716,0.714,26.938,5,True
yolo26x,YOLO26x,,8,28.938,1.136,27.732,7,True
yolo26x,YOLO26x,,9,28.895,1.023,27.798,8,True
yolo26x,YOLO26x,,10,26.877,0.665,26.153,8,True
yolo26x,YOLO26x,,11,28.439,0.698,27.683,8,True
yolo26x,YOLO26x,,12,27.734,0.743,26.922,8,True
yolo26x,YOLO26x,,13,28.725,0.744,27.923,8,True
yolo26x,YOLO26x,,14,27.421,0.8,26.554,8,True
yolo26x,YOLO26x,,15,26.675,0.787,25.832,7,True
yolo26x,YOLO26x,,16,29.315,0.984,28.232,6,True
yolo26x,YOLO26x,,17,28.851,0.814,27.971,7,True
yolo26x,YOLO26x,,18,29.465,0.718,28.696,9,True
yolo26x,YOLO26x,,19,30.685,0.693,29.939,9,True
yolo26x,YOLO26x,,20,30.445,0.643,29.739,8,True
yolo26x,YOLO26x,,21,30.541,0.673,29.811,7,True
yolo26x,YOLO26x,,22,30.253,0.954,29.234,6,True
yolo26x,YOLO26x,,23,27.287,0.743,26.491,6,True
yolo26x,YOLO26x,,24,28.22,0.905,27.249,5,True
yolo26x,YOLO26x,,25,28.111,0.845,27.203,6,True
yolo26x,YOLO26x,,26,26.917,0.716,26.145,6,True
yolo26x,YOLO26x,,27,28.547,1.025,27.459,5,True
yolo26x,YOLO26x,,28,26.742,0.72,25.951,4,True
yolo26x,YOLO26x,,29,27.525,0.874,26.587,4,True
yolo26x,YOLO26x,,30,28.791,0.708,28.027,5,True
yolo26x,YOLO26x,,31,27.225,0.671,26.493,6,True
yolo26x,YOLO26x,,32,28.388,0.697,27.639,6,True
yolo26x,YOLO26x,,33,28.495,0.815,27.582,7,True
yolo26x,YOLO26x,,34,26.561,0.687,25.822,6,True
yolo26x,YOLO26x,,35,28.424,0.67,27.692,6,True
yolo26x,YOLO26x,,36,27.329,0.723,26.544,5,True
yolo26x,YOLO26x,,37,28.379,0.675,27.646,6,True
yolo26x,YOLO26x,,38,27.81,0.801,26.802,8,True
yolo26x,YOLO26x,,39,27.359,0.759,26.548,8,True
yolo26x,YOLO26x,,40,28.906,0.703,28.14,7,True
yolo26x,YOLO26x,,41,27.401,0.753,26.577,7,True
yolo26x,YOLO26x,,42,28.867,0.735,28.07,7,True
yolo26x,YOLO26x,,43,28.388,0.764,27.556,5,True
yolo26x,YOLO26x,,44,29.118,1.008,28.009,8,True
yolo26x,YOLO26x,,45,27.931,0.928,26.873,8,True
yolo26x,YOLO26x,,46,28.287,0.77,27.44,6,True
yolo26x,YOLO26x,,47,29.403,0.705,28.619,6,True
yolo26x,YOLO26x,,48,29.162,1.281,27.785,6,True
yolo26x,YOLO26x,,49,27.195,0.857,26.284,6,True
yolo26x,YOLO26x,,50,27.159,0.671,26.429,5,True
yolo26x,YOLO26x,,51,27.942,0.656,27.22,6,True
yolo26x,YOLO26x,,52,27.266,0.624,26.584,5,True
yolo26x,YOLO26x,,53,27.388,0.677,26.659,4,True
yolo26x,YOLO26x,,54,27.439,0.685,26.696,4,True
yolo26x,YOLO26x,,55,28.159,0.789,27.308,4,True
yolo26x,YOLO26x,,56,26.8,0.63,26.114,5,True
yolo26x,YOLO26x,,57,27.727,0.64,27.034,4,True
yolo26x,YOLO26x,,58,27.633,0.699,26.878,4,True
yolo26x,YOLO26x,,59,26.851,0.683,26.108,4,True
yolo26x,YOLO26x,,60,29.127,0.702,28.306,4,True
rfdetr_l,RF-DETR-L,,1,24.291,0.666,23.531,11,True
rfdetr_l,RF-DETR-L,,2,38.284,0.701,37.488,11,False
rfdetr_l,RF-DETR-L,,3,26.754,0.74,25.916,11,True
rfdetr_l,RF-DETR-L,,4,27.218,1.573,25.549,11,True
rfdetr_l,RF-DETR-L,,5,24.562,0.93,23.529,12,True
rfdetr_l,RF-DETR-L,,6,26.045,0.686,25.267,12,True
rfdetr_l,RF-DETR-L,,7,37.947,0.97,36.85,11,False
rfdetr_l,RF-DETR-L,,8,26.772,0.599,26.076,11,True
rfdetr_l,RF-DETR-L,,9,26.642,0.694,25.836,12,True
rfdetr_l,RF-DETR-L,,10,25.319,0.692,24.527,11,True
rfdetr_l,RF-DETR-L,,11,26.375,0.644,25.638,11,True
rfdetr_l,RF-DETR-L,,12,25.451,0.625,24.725,12,True
rfdetr_l,RF-DETR-L,,13,26.027,0.638,25.288,12,True
rfdetr_l,RF-DETR-L,,14,24.082,0.918,23.033,11,True
rfdetr_l,RF-DETR-L,,15,24.106,0.631,23.385,11,True
rfdetr_l,RF-DETR-L,,16,25.675,0.665,24.908,11,True
rfdetr_l,RF-DETR-L,,17,23.273,0.615,22.549,11,True
rfdetr_l,RF-DETR-L,,18,26.558,0.66,25.795,10,True
rfdetr_l,RF-DETR-L,,19,25.603,0.639,24.878,13,True
rfdetr_l,RF-DETR-L,,20,42.558,0.612,41.849,13,False
rfdetr_l,RF-DETR-L,,21,26.813,0.623,26.09,13,True
rfdetr_l,RF-DETR-L,,22,27.494,0.634,26.753,13,True
rfdetr_l,RF-DETR-L,,23,23.571,0.603,22.876,14,True
rfdetr_l,RF-DETR-L,,24,24.312,1.002,23.197,13,True
rfdetr_l,RF-DETR-L,,25,25.926,0.57,25.265,11,True
rfdetr_l,RF-DETR-L,,26,27.12,0.681,26.341,11,True
rfdetr_l,RF-DETR-L,,27,27.942,0.645,27.198,9,True
rfdetr_l,RF-DETR-L,,28,25.888,0.658,25.125,12,True
rfdetr_l,RF-DETR-L,,29,24.468,0.624,23.743,11,True
rfdetr_l,RF-DETR-L,,30,25.837,0.713,25.007,10,True
rfdetr_l,RF-DETR-L,,31,27.101,0.637,26.359,11,True
rfdetr_l,RF-DETR-L,,32,27.996,0.732,27.144,11,True
rfdetr_l,RF-DETR-L,,33,31.589,0.894,30.562,13,True
rfdetr_l,RF-DETR-L,,34,25.715,0.662,24.944,9,True
rfdetr_l,RF-DETR-L,,35,29.338,0.666,28.569,9,True
rfdetr_l,RF-DETR-L,,36,27.323,0.705,26.522,10,True
rfdetr_l,RF-DETR-L,,37,32.843,0.744,31.987,10,True
rfdetr_l,RF-DETR-L,,38,30.304,0.881,29.285,10,True
rfdetr_l,RF-DETR-L,,39,28.304,0.727,27.459,11,True
rfdetr_l,RF-DETR-L,,40,27.678,0.683,26.868,11,True
rfdetr_l,RF-DETR-L,,41,30.448,0.692,29.653,11,True
rfdetr_l,RF-DETR-L,,42,27.732,1.226,26.39,11,True
rfdetr_l,RF-DETR-L,,43,29.52,0.773,28.642,10,True
rfdetr_l,RF-DETR-L,,44,26.178,0.708,25.361,10,True
rfdetr_l,RF-DETR-L,,45,26.408,0.732,25.571,12,True
rfdetr_l,RF-DETR-L,,46,26.495,0.76,25.634,11,True
rfdetr_l,RF-DETR-L,,47,28.741,0.721,27.905,12,True
rfdetr_l,RF-DETR-L,,48,28.527,0.777,27.645,11,True
rfdetr_l,RF-DETR-L,,49,30.884,0.62,30.163,12,True
rfdetr_l,RF-DETR-L,,50,26.739,0.651,25.98,12,True
rfdetr_l,RF-DETR-L,,51,28.679,0.708,27.879,12,True
rfdetr_l,RF-DETR-L,,52,26.747,0.717,25.927,12,True
rfdetr_l,RF-DETR-L,,53,29.477,0.611,28.766,12,True
rfdetr_l,RF-DETR-L,,54,25.361,0.634,24.628,12,True
rfdetr_l,RF-DETR-L,,55,25.081,0.633,24.351,11,True
rfdetr_l,RF-DETR-L,,56,24.254,0.602,23.555,12,True
rfdetr_l,RF-DETR-L,,57,27.471,0.621,26.756,12,True
rfdetr_l,RF-DETR-L,,58,25.769,0.671,25.007,12,True
rfdetr_l,RF-DETR-L,,59,26.344,0.654,25.595,11,True
rfdetr_l,RF-DETR-L,,60,25.736,0.654,24.987,11,True
rfdetr_xl,RF-DETR-XL,,1,34.655,1.026,33.514,12,False
rfdetr_xl,RF-DETR-XL,,2,34.561,0.654,33.787,10,False
rfdetr_xl,RF-DETR-XL,,3,37.183,1.053,35.977,12,False
rfdetr_xl,RF-DETR-XL,,4,35.736,1.1,34.5,11,False
rfdetr_xl,RF-DETR-XL,,5,33.603,0.683,32.821,10,False
rfdetr_xl,RF-DETR-XL,,6,33.26,0.657,32.491,11,True
rfdetr_xl,RF-DETR-XL,,7,35.478,0.713,34.644,9,False
rfdetr_xl,RF-DETR-XL,,8,34.614,0.723,33.786,10,False
rfdetr_xl,RF-DETR-XL,,9,33.349,0.74,32.495,12,False
rfdetr_xl,RF-DETR-XL,,10,39.551,0.673,38.775,10,False
rfdetr_xl,RF-DETR-XL,,11,34.596,0.637,33.862,12,False
rfdetr_xl,RF-DETR-XL,,12,36.309,0.651,35.527,10,False
rfdetr_xl,RF-DETR-XL,,13,34.337,0.693,33.532,11,False
rfdetr_xl,RF-DETR-XL,,14,33.148,0.718,32.326,10,True
rfdetr_xl,RF-DETR-XL,,15,35.838,0.606,35.115,10,False
rfdetr_xl,RF-DETR-XL,,16,36.737,0.92,35.669,11,False
rfdetr_xl,RF-DETR-XL,,17,35.431,0.893,34.398,10,False
rfdetr_xl,RF-DETR-XL,,18,32.223,0.687,31.43,10,True
rfdetr_xl,RF-DETR-XL,,19,33.684,0.667,32.916,10,False
rfdetr_xl,RF-DETR-XL,,20,33.963,0.619,33.249,10,False
rfdetr_xl,RF-DETR-XL,,21,34.926,0.852,33.943,11,False
rfdetr_xl,RF-DETR-XL,,22,31.214,0.699,30.413,12,True
rfdetr_xl,RF-DETR-XL,,23,39.764,0.812,38.859,13,False
rfdetr_xl,RF-DETR-XL,,24,32.887,0.944,31.812,12,True
rfdetr_xl,RF-DETR-XL,,25,31.404,0.546,30.767,12,True
rfdetr_xl,RF-DETR-XL,,26,34.064,0.577,33.39,11,False
rfdetr_xl,RF-DETR-XL,,27,33.412,0.61,32.702,12,False
rfdetr_xl,RF-DETR-XL,,28,33.049,0.61,32.338,11,True
rfdetr_xl,RF-DETR-XL,,29,42.719,0.789,41.829,11,False
rfdetr_xl,RF-DETR-XL,,30,33.571,0.909,32.568,11,False
rfdetr_xl,RF-DETR-XL,,31,34.741,0.616,34.026,13,False
rfdetr_xl,RF-DETR-XL,,32,32.403,0.719,31.574,10,True
rfdetr_xl,RF-DETR-XL,,33,32.633,0.6,31.936,11,True
rfdetr_xl,RF-DETR-XL,,34,34.861,0.635,34.128,11,False
rfdetr_xl,RF-DETR-XL,,35,33.007,0.64,32.265,11,True
rfdetr_xl,RF-DETR-XL,,36,33.863,1.001,32.737,11,False
rfdetr_xl,RF-DETR-XL,,37,34.572,0.601,33.869,12,False
rfdetr_xl,RF-DETR-XL,,38,34.389,0.822,33.424,12,False
rfdetr_xl,RF-DETR-XL,,39,32.543,0.639,31.8,11,True
rfdetr_xl,RF-DETR-XL,,40,34.588,0.667,33.818,12,False
rfdetr_xl,RF-DETR-XL,,41,33.743,0.644,32.995,11,False
rfdetr_xl,RF-DETR-XL,,42,35.719,0.646,34.968,12,False
rfdetr_xl,RF-DETR-XL,,43,33.347,0.63,32.615,11,False
rfdetr_xl,RF-DETR-XL,,44,34.3,0.641,33.555,11,False
rfdetr_xl,RF-DETR-XL,,45,32.965,0.638,32.22,11,True
rfdetr_xl,RF-DETR-XL,,46,34.785,0.708,33.964,11,False
rfdetr_xl,RF-DETR-XL,,47,35.745,0.678,34.957,11,False
rfdetr_xl,RF-DETR-XL,,48,33.815,0.891,32.785,11,False
rfdetr_xl,RF-DETR-XL,,49,33.125,0.616,32.404,11,True
rfdetr_xl,RF-DETR-XL,,50,34.355,0.649,33.595,11,False
rfdetr_xl,RF-DETR-XL,,51,33.943,0.617,33.225,11,False
rfdetr_xl,RF-DETR-XL,,52,31.741,0.673,30.905,11,True
rfdetr_xl,RF-DETR-XL,,53,36.334,0.575,35.657,10,False
rfdetr_xl,RF-DETR-XL,,54,32.915,0.602,32.213,11,True
rfdetr_xl,RF-DETR-XL,,55,33.228,0.623,32.507,11,True
rfdetr_xl,RF-DETR-XL,,56,32.06,0.604,31.343,11,True
rfdetr_xl,RF-DETR-XL,,57,33.049,0.598,32.359,11,True
rfdetr_xl,RF-DETR-XL,,58,33.101,0.598,32.402,12,True
rfdetr_xl,RF-DETR-XL,,59,33.486,0.622,32.747,11,False
rfdetr_xl,RF-DETR-XL,,60,43.572,0.623,42.852,11,False
grounding_dino,Grounding DINO,person. car. bicycle. truck.,1,323.838,0.752,322.993,10,False
grounding_dino,Grounding DINO,person. car. bicycle. truck.,2,320.813,1.685,319.029,7,False
grounding_dino,Grounding DINO,person. car. bicycle. truck.,3,317.696,0.672,316.928,7,False
grounding_dino,Grounding DINO,person. car. bicycle. truck.,4,319.238,0.861,318.269,7,False
grounding_dino,Grounding DINO,person. car. bicycle. truck.,5,328.743,1.614,327.022,8,False
grounding_dino,Grounding DINO,person. car. bicycle. truck.,6,333.282,0.765,332.414,6,False
grounding_dino,Grounding DINO,person. car. bicycle. truck.,7,322.952,0.727,322.117,6,False
grounding_dino,Grounding DINO,person. car. bicycle. truck.,8,327.436,0.73,326.608,6,False
grounding_dino,Grounding DINO,person. car. bicycle. truck.,9,320.654,1.138,319.421,7,False
grounding_dino,Grounding DINO,person. car. bicycle. truck.,10,319.182,0.773,318.308,7,False
grounding_dino,Grounding DINO,person. car. bicycle. truck.,11,344.581,0.904,343.52,7,False
grounding_dino,Grounding DINO,person. car. bicycle. truck.,12,321.96,1.403,320.456,8,False
grounding_dino,Grounding DINO,person. car. bicycle. truck.,13,328.356,0.737,327.517,8,False
grounding_dino,Grounding DINO,person. car. bicycle. truck.,14,326.397,0.78,325.515,8,False
grounding_dino,Grounding DINO,person. car. bicycle. truck.,15,334.146,1.878,332.165,8,False
grounding_dino,Grounding DINO,person. car. bicycle. truck.,16,326.824,0.746,325.983,8,False
grounding_dino,Grounding DINO,person. car. bicycle. truck.,17,343.069,0.787,342.181,10,False
grounding_dino,Grounding DINO,person. car. bicycle. truck.,18,323.547,1.626,321.824,10,False
grounding_dino,Grounding DINO,person. car. bicycle. truck.,19,322.291,0.766,321.414,9,False
grounding_dino,Grounding DINO,person. car. bicycle. truck.,20,331.143,0.755,330.282,9,False
grounding_dino,Grounding DINO,person. car. bicycle. truck.,21,323.261,2.044,321.097,9,False
grounding_dino,Grounding DINO,person. car. bicycle. truck.,22,326.392,0.713,325.584,8,False
grounding_dino,Grounding DINO,person. car. bicycle. truck.,23,330.212,0.667,329.461,8,False
grounding_dino,Grounding DINO,person. car. bicycle. truck.,24,326.355,1.883,324.371,8,False
grounding_dino,Grounding DINO,person. car. bicycle. truck.,25,330.051,0.715,329.222,8,False
grounding_dino,Grounding DINO,person. car. bicycle. truck.,26,331.625,0.844,330.676,8,False
grounding_dino,Grounding DINO,person. car. bicycle. truck.,27,327.236,1.3,325.844,7,False
grounding_dino,Grounding DINO,person. car. bicycle. truck.,28,326.43,0.782,325.548,8,False
grounding_dino,Grounding DINO,person. car. bicycle. truck.,29,323.762,0.729,322.937,8,False
grounding_dino,Grounding DINO,person. car. bicycle. truck.,30,330.645,1.544,328.99,9,False
grounding_dino,Grounding DINO,person. car. bicycle. truck.,31,332.537,0.908,331.522,10,False
grounding_dino,Grounding DINO,person. car. bicycle. truck.,32,322.967,0.714,322.164,9,False
grounding_dino,Grounding DINO,person. car. bicycle. truck.,33,329.453,1.437,327.913,6,False
grounding_dino,Grounding DINO,person. car. bicycle. truck.,34,331.807,0.903,330.65,7,False
grounding_dino,Grounding DINO,person. car. bicycle. truck.,35,329.049,0.903,328.043,6,False
grounding_dino,Grounding DINO,person. car. bicycle. truck.,36,331.59,1.325,330.171,6,False
grounding_dino,Grounding DINO,person. car. bicycle. truck.,37,327.985,0.746,327.147,7,False
grounding_dino,Grounding DINO,person. car. bicycle. truck.,38,329.522,0.932,328.495,6,False
grounding_dino,Grounding DINO,person. car. bicycle. truck.,39,328.787,0.823,327.866,6,False
grounding_dino,Grounding DINO,person. car. bicycle. truck.,40,328.881,1.371,327.417,5,False
grounding_dino,Grounding DINO,person. car. bicycle. truck.,41,334.163,0.748,333.322,5,False
grounding_dino,Grounding DINO,person. car. bicycle. truck.,42,325.34,0.688,324.55,5,False
grounding_dino,Grounding DINO,person. car. bicycle. truck.,43,338.256,1.328,336.836,5,False
grounding_dino,Grounding DINO,person. car. bicycle. truck.,44,329.624,0.88,328.644,7,False
grounding_dino,Grounding DINO,person. car. bicycle. truck.,45,330.661,0.911,329.599,7,False
grounding_dino,Grounding DINO,person. car. bicycle. truck.,46,329.556,1.595,327.864,8,False
grounding_dino,Grounding DINO,person. car. bicycle. truck.,47,341.465,0.846,340.506,8,False
grounding_dino,Grounding DINO,person. car. bicycle. truck.,48,325.93,0.681,325.147,7,False
grounding_dino,Grounding DINO,person. car. bicycle. truck.,49,334.812,1.362,333.364,7,False
grounding_dino,Grounding DINO,person. car. bicycle. truck.,50,332.206,0.726,331.383,7,False
grounding_dino,Grounding DINO,person. car. bicycle. truck.,51,331.179,0.74,330.318,7,False
grounding_dino,Grounding DINO,person. car. bicycle. truck.,52,331.62,1.767,329.759,7,False
grounding_dino,Grounding DINO,person. car. bicycle. truck.,53,327.913,0.689,327.136,7,False
grounding_dino,Grounding DINO,person. car. bicycle. truck.,54,330.403,0.9,329.382,6,False
grounding_dino,Grounding DINO,person. car. bicycle. truck.,55,329.904,1.378,328.388,7,False
grounding_dino,Grounding DINO,person. car. bicycle. truck.,56,332.881,0.943,331.83,8,False
grounding_dino,Grounding DINO,person. car. bicycle. truck.,57,327.004,0.861,326.031,8,False
grounding_dino,Grounding DINO,person. car. bicycle. truck.,58,328.535,1.426,327.013,7,False
grounding_dino,Grounding DINO,person. car. bicycle. truck.,59,337.088,0.715,336.28,7,False
grounding_dino,Grounding DINO,person. car. bicycle. truck.,60,331.757,0.786,330.876,7,False
yolo_world,YOLO-World,"person, car, bicycle, truck",1,24.199,0.906,23.211,2,True
yolo_world,YOLO-World,"person, car, bicycle, truck",2,26.374,0.654,25.649,3,True
yolo_world,YOLO-World,"person, car, bicycle, truck",3,22.276,0.664,21.553,3,True
yolo_world,YOLO-World,"person, car, bicycle, truck",4,24.172,0.69,23.412,3,True
yolo_world,YOLO-World,"person, car, bicycle, truck",5,26.938,0.778,26.069,3,True
yolo_world,YOLO-World,"person, car, bicycle, truck",6,22.671,1.302,21.278,3,True
yolo_world,YOLO-World,"person, car, bicycle, truck",7,25.48,1.145,24.205,2,True
yolo_world,YOLO-World,"person, car, bicycle, truck",8,23.687,0.917,22.694,3,True
yolo_world,YOLO-World,"person, car, bicycle, truck",9,23.471,0.686,22.72,2,True
yolo_world,YOLO-World,"person, car, bicycle, truck",10,24.566,0.68,23.826,2,True
yolo_world,YOLO-World,"person, car, bicycle, truck",11,24.224,0.636,23.522,3,True
yolo_world,YOLO-World,"person, car, bicycle, truck",12,23.976,0.677,23.241,3,True
yolo_world,YOLO-World,"person, car, bicycle, truck",13,31.766,0.719,30.973,3,True
yolo_world,YOLO-World,"person, car, bicycle, truck",14,25.696,0.736,24.888,3,True
yolo_world,YOLO-World,"person, car, bicycle, truck",15,27.798,0.766,26.972,3,True
yolo_world,YOLO-World,"person, car, bicycle, truck",16,24.313,0.681,23.559,3,True
yolo_world,YOLO-World,"person, car, bicycle, truck",17,23.336,0.653,22.624,3,True
yolo_world,YOLO-World,"person, car, bicycle, truck",18,23.745,0.692,22.987,3,True
yolo_world,YOLO-World,"person, car, bicycle, truck",19,29.77,0.668,29.037,3,True
yolo_world,YOLO-World,"person, car, bicycle, truck",20,29.526,0.702,28.763,3,True
yolo_world,YOLO-World,"person, car, bicycle, truck",21,22.685,0.898,21.715,3,True
yolo_world,YOLO-World,"person, car, bicycle, truck",22,24.645,0.742,23.833,3,True
yolo_world,YOLO-World,"person, car, bicycle, truck",23,28.808,0.671,28.082,3,True
yolo_world,YOLO-World,"person, car, bicycle, truck",24,22.133,0.655,21.423,3,True
yolo_world,YOLO-World,"person, car, bicycle, truck",25,22.557,0.644,21.85,3,True
yolo_world,YOLO-World,"person, car, bicycle, truck",26,31.273,0.724,30.477,2,True
yolo_world,YOLO-World,"person, car, bicycle, truck",27,21.84,0.685,21.095,2,True
yolo_world,YOLO-World,"person, car, bicycle, truck",28,24.464,1.051,23.341,2,True
yolo_world,YOLO-World,"person, car, bicycle, truck",29,27.348,0.776,26.501,2,True
yolo_world,YOLO-World,"person, car, bicycle, truck",30,25.213,0.716,24.428,2,True
yolo_world,YOLO-World,"person, car, bicycle, truck",31,25.23,0.689,24.463,2,True
yolo_world,YOLO-World,"person, car, bicycle, truck",32,24.474,0.913,23.497,2,True
yolo_world,YOLO-World,"person, car, bicycle, truck",33,25.419,0.696,24.657,2,True
yolo_world,YOLO-World,"person, car, bicycle, truck",34,22.831,0.675,22.101,2,True
yolo_world,YOLO-World,"person, car, bicycle, truck",35,27.39,0.875,26.455,2,True
yolo_world,YOLO-World,"person, car, bicycle, truck",36,23.823,0.708,23.056,2,True
yolo_world,YOLO-World,"person, car, bicycle, truck",37,24.305,0.723,23.497,2,True
yolo_world,YOLO-World,"person, car, bicycle, truck",38,25.66,0.744,24.856,2,True
yolo_world,YOLO-World,"person, car, bicycle, truck",39,26.867,0.863,25.946,2,True
yolo_world,YOLO-World,"person, car, bicycle, truck",40,21.493,1.041,20.398,2,True
yolo_world,YOLO-World,"person, car, bicycle, truck",41,21.944,0.75,21.131,2,True
yolo_world,YOLO-World,"person, car, bicycle, truck",42,22.096,0.697,21.339,2,True
yolo_world,YOLO-World,"person, car, bicycle, truck",43,21.39,0.737,20.599,2,True
yolo_world,YOLO-World,"person, car, bicycle, truck",44,24.197,0.856,23.277,2,True
yolo_world,YOLO-World,"person, car, bicycle, truck",45,21.686,0.676,20.951,3,True
yolo_world,YOLO-World,"person, car, bicycle, truck",46,22.933,0.737,22.136,3,True
yolo_world,YOLO-World,"person, car, bicycle, truck",47,24.599,0.853,23.683,3,True
yolo_world,YOLO-World,"person, car, bicycle, truck",48,21.068,0.739,20.277,3,True
yolo_world,YOLO-World,"person, car, bicycle, truck",49,22.878,0.743,22.069,3,True
yolo_world,YOLO-World,"person, car, bicycle, truck",50,29.707,0.707,28.929,3,True
yolo_world,YOLO-World,"person, car, bicycle, truck",51,24.329,0.695,23.572,3,True
yolo_world,YOLO-World,"person, car, bicycle, truck",52,28.06,0.676,27.333,3,True
yolo_world,YOLO-World,"person, car, bicycle, truck",53,21.395,0.779,20.505,3,True
yolo_world,YOLO-World,"person, car, bicycle, truck",54,23.031,0.731,22.239,3,True
yolo_world,YOLO-World,"person, car, bicycle, truck",55,21.227,0.752,20.396,3,True
yolo_world,YOLO-World,"person, car, bicycle, truck",56,22.792,0.755,21.972,3,True
yolo_world,YOLO-World,"person, car, bicycle, truck",57,21.98,0.674,21.239,3,True
yolo_world,YOLO-World,"person, car, bicycle, truck",58,26.377,0.896,25.413,3,True
yolo_world,YOLO-World,"person, car, bicycle, truck",59,23.327,0.653,22.609,3,True
yolo_world,YOLO-World,"person, car, bicycle, truck",60,27.207,1.005,26.132,3,True
yoloe,YOLOE,"person, car, bicycle, truck",1,29.783,0.689,29.008,5,True
yoloe,YOLOE,"person, car, bicycle, truck",2,28.622,0.96,27.543,5,True
yoloe,YOLOE,"person, car, bicycle, truck",3,27.958,0.78,27.092,4,True
yoloe,YOLOE,"person, car, bicycle, truck",4,40.456,0.85,39.498,5,False
yoloe,YOLOE,"person, car, bicycle, truck",5,38.548,0.769,37.673,5,False
yoloe,YOLOE,"person, car, bicycle, truck",6,42.296,0.979,41.201,5,False
yoloe,YOLOE,"person, car, bicycle, truck",7,28.634,0.707,27.84,5,True
yoloe,YOLOE,"person, car, bicycle, truck",8,29.219,0.638,28.501,5,True
yoloe,YOLOE,"person, car, bicycle, truck",9,24.756,0.63,24.051,5,True
yoloe,YOLOE,"person, car, bicycle, truck",10,30.833,0.645,30.122,5,True
yoloe,YOLOE,"person, car, bicycle, truck",11,33.078,0.648,32.349,5,True
yoloe,YOLOE,"person, car, bicycle, truck",12,30.42,0.632,29.711,5,True
yoloe,YOLOE,"person, car, bicycle, truck",13,29.098,0.642,28.377,5,True
yoloe,YOLOE,"person, car, bicycle, truck",14,32.499,0.797,31.624,5,True
yoloe,YOLOE,"person, car, bicycle, truck",15,29.462,0.694,28.691,6,True
yoloe,YOLOE,"person, car, bicycle, truck",16,29.302,0.703,28.515,7,True
yoloe,YOLOE,"person, car, bicycle, truck",17,29.409,0.643,28.689,7,True
yoloe,YOLOE,"person, car, bicycle, truck",18,30.819,1.121,29.614,7,True
yoloe,YOLOE,"person, car, bicycle, truck",19,29.716,0.7,28.927,5,True
yoloe,YOLOE,"person, car, bicycle, truck",20,27.987,0.682,27.238,5,True
yoloe,YOLOE,"person, car, bicycle, truck",21,28.687,0.741,27.868,6,True
yoloe,YOLOE,"person, car, bicycle, truck",22,29.24,0.675,28.487,5,True
yoloe,YOLOE,"person, car, bicycle, truck",23,28.711,0.659,27.974,5,True
yoloe,YOLOE,"person, car, bicycle, truck",24,31.881,0.662,31.134,5,True
yoloe,YOLOE,"person, car, bicycle, truck",25,29.233,0.563,28.604,5,True
yoloe,YOLOE,"person, car, bicycle, truck",26,27.272,0.68,26.519,5,True
yoloe,YOLOE,"person, car, bicycle, truck",27,29.801,0.744,28.972,3,True
yoloe,YOLOE,"person, car, bicycle, truck",28,27.028,0.674,26.266,4,True
yoloe,YOLOE,"person, car, bicycle, truck",29,31.534,0.692,30.758,4,True
yoloe,YOLOE,"person, car, bicycle, truck",30,29.615,0.738,28.781,4,True
yoloe,YOLOE,"person, car, bicycle, truck",31,29.086,0.73,28.268,4,True
yoloe,YOLOE,"person, car, bicycle, truck",32,29.357,0.716,28.562,5,True
yoloe,YOLOE,"person, car, bicycle, truck",33,27.079,0.64,26.368,6,True
yoloe,YOLOE,"person, car, bicycle, truck",34,31.117,0.643,30.396,6,True
yoloe,YOLOE,"person, car, bicycle, truck",35,28.571,0.68,27.809,4,True
yoloe,YOLOE,"person, car, bicycle, truck",36,34.187,0.619,33.486,4,False
yoloe,YOLOE,"person, car, bicycle, truck",37,30.035,0.7,29.259,4,True
yoloe,YOLOE,"person, car, bicycle, truck",38,35.681,0.681,34.915,4,False
yoloe,YOLOE,"person, car, bicycle, truck",39,39.191,0.594,38.506,6,False
yoloe,YOLOE,"person, car, bicycle, truck",40,43.045,0.922,42.006,4,False
yoloe,YOLOE,"person, car, bicycle, truck",41,26.283,0.671,25.537,3,True
yoloe,YOLOE,"person, car, bicycle, truck",42,29.628,0.67,28.875,3,True
yoloe,YOLOE,"person, car, bicycle, truck",43,28.106,0.677,27.354,4,True
yoloe,YOLOE,"person, car, bicycle, truck",44,27.109,0.653,26.389,5,True
yoloe,YOLOE,"person, car, bicycle, truck",45,27.466,0.64,26.747,5,True
yoloe,YOLOE,"person, car, bicycle, truck",46,27.671,0.726,26.872,5,True
yoloe,YOLOE,"person, car, bicycle, truck",47,26.99,0.729,26.191,5,True
yoloe,YOLOE,"person, car, bicycle, truck",48,28.452,0.761,27.607,5,True
yoloe,YOLOE,"person, car, bicycle, truck",49,25.887,0.612,25.199,5,True
yoloe,YOLOE,"person, car, bicycle, truck",50,26.902,0.623,26.202,5,True
yoloe,YOLOE,"person, car, bicycle, truck",51,26.259,0.694,25.489,4,True
yoloe,YOLOE,"person, car, bicycle, truck",52,26.361,0.942,25.348,4,True
yoloe,YOLOE,"person, car, bicycle, truck",53,26.747,0.67,26.0,4,True
yoloe,YOLOE,"person, car, bicycle, truck",54,26.542,0.63,25.836,4,True
yoloe,YOLOE,"person, car, bicycle, truck",55,26.651,0.626,25.957,4,True
yoloe,YOLOE,"person, car, bicycle, truck",56,25.778,0.642,25.059,4,True
yoloe,YOLOE,"person, car, bicycle, truck",57,25.486,0.719,24.694,4,True
yoloe,YOLOE,"person, car, bicycle, truck",58,30.295,0.633,29.584,4,True
yoloe,YOLOE,"person, car, bicycle, truck",59,26.275,0.655,25.554,5,True
yoloe,YOLOE,"person, car, bicycle, truck",60,25.18,0.618,24.499,4,True
